pqif,seed,nloop,cc,sigma2,tau_rec,tau_div,tau_con,tau_chn
0,6,0,-0.00461532954830668,0.24749451419080198,-0.0036551625751463515,-3.372916833000214e-05,-0.001430615164520744,1.045826201758618e-05
